probabilities,true_labels
0.82991505,1.0
0.64988077,0.0
0.3437099,1.0
0.13274789,0.0
0.10867621,0.0
0.4898828,1.0
0.41397393,0.0
0.44461584,0.0
0.3654521,1.0
0.029153738,0.0
0.66491663,1.0
0.12398544,0.0
0.46130687,1.0
0.49321312,1.0
0.5635644,1.0
0.026949594,0.0
0.22636732,0.0
0.029453902,0.0
0.14799191,0.0
0.6349218,0.0
0.51296693,1.0
0.12238589,0.0
0.060348254,0.0
0.67592055,1.0
0.7196106,0.0
0.08351408,0.0
0.10457065,0.0
0.9398173,1.0
0.69729185,0.0
0.08062936,0.0
0.19124314,0.0
0.13353463,0.0
0.7977751,1.0
0.11267366,0.0
0.4806661,0.0
0.4715507,0.0
0.031903375,0.0
0.14223792,0.0
0.28598994,0.0
0.26981977,0.0
0.43886006,0.0
0.4966739,0.0
0.24119112,0.0
0.43393844,0.0
0.16210729,0.0
0.9075117,1.0
0.32259372,0.0
0.44787723,0.0
0.8421827,1.0
0.81087106,0.0
0.84325147,1.0
0.35095096,0.0
0.13331959,0.0
0.05860468,0.0
0.83374023,1.0
0.05988779,0.0
0.71763784,1.0
0.2262499,0.0
0.10698333,0.0
0.609397,0.0
0.07808764,0.0
0.037354156,0.0
0.5209335,1.0
0.07138806,0.0
0.3299181,0.0
0.33836624,0.0
0.26133662,0.0
0.5766514,1.0
0.77047265,0.0
0.22905338,1.0
0.026005395,0.0
0.44139144,0.0
0.68846303,1.0
0.09607432,0.0
0.24894346,0.0
0.5380583,0.0
0.37447065,0.0
0.62388855,1.0
0.024219362,0.0
0.07276256,0.0
0.45310664,0.0
0.84999067,0.0
0.031619344,0.0
0.031318687,0.0
0.10887075,0.0
0.8451858,1.0
0.074994124,0.0
0.8748993,1.0
0.81549764,0.0
0.71970993,1.0
0.62319225,1.0
0.24384655,0.0
0.8184587,0.0
0.39745918,1.0
0.6454982,0.0
0.1791532,0.0
0.6563322,0.0
0.22545438,0.0
0.49463236,1.0
0.036474105,0.0
0.07087798,0.0
0.21837904,0.0
0.33748493,0.0
0.71918607,1.0
0.05986659,0.0
0.89170444,0.0
0.8090676,1.0
0.84328,1.0
0.7994189,0.0
0.270193,1.0
0.7328553,0.0
0.6990779,0.0
0.11234201,0.0
0.6987587,0.0
0.05773353,0.0
0.04950909,0.0
0.1769827,0.0
0.4167149,0.0
0.66168034,0.0
0.20396282,0.0
0.8268023,1.0
0.10532585,0.0
0.28884423,0.0
0.20288551,0.0
0.8184298,1.0
0.091514744,0.0
0.5803715,0.0
0.804285,0.0
0.14983428,0.0
0.31143418,0.0
0.09000983,0.0
0.4997914,1.0
0.7640196,1.0
0.77206284,0.0
0.042974588,0.0
0.27987802,0.0
0.30430984,1.0
0.808508,1.0
0.7963123,1.0
0.06588237,0.0
0.04708835,0.0
0.6768275,1.0
0.056539603,0.0
0.27739903,0.0
0.18539606,0.0
0.20516108,1.0
0.36300063,0.0
0.45207608,1.0
0.118978344,0.0
0.5005164,0.0
0.50995433,0.0
0.19049728,0.0
0.1545253,0.0
0.29023606,0.0
0.7306885,1.0
0.103938945,0.0
0.61858356,0.0
0.82203746,1.0
0.07000625,0.0
0.18033695,0.0
0.040480964,0.0
0.858399,1.0
0.7173166,1.0
0.17413191,0.0
0.16649304,1.0
0.34300292,0.0
0.72587377,1.0
0.700128,0.0
0.34773403,0.0
0.6471268,0.0
0.7407803,0.0
0.69632107,0.0
0.8236145,1.0
0.103837915,0.0
0.21453905,0.0
0.7391962,1.0
0.8984858,1.0
0.75260764,1.0
0.35622695,0.0
0.83989817,1.0
0.028831942,0.0
0.6658324,1.0
0.12262346,0.0
0.48169923,0.0
0.09167758,0.0
0.06471172,0.0
0.09926171,0.0
0.092146024,0.0
0.54302454,0.0
0.7343688,1.0
0.03910103,0.0
0.69094473,0.0
0.2510156,0.0
0.8772649,0.0
0.067060806,0.0
0.49882266,0.0
0.4037044,0.0
0.06999028,0.0
0.19083805,0.0
0.80352885,1.0
0.84299713,1.0
0.9352179,1.0
0.6866295,1.0
0.05830464,0.0
0.4093114,0.0
0.18641756,0.0
0.75159514,1.0
0.042332944,0.0
0.71184677,1.0
0.6276712,0.0
0.07231763,0.0
0.8729374,1.0
0.4053651,0.0
0.7545045,1.0
0.032125324,0.0
0.3022951,0.0
0.13928138,0.0
0.028553488,0.0
0.53871566,1.0
0.7913078,1.0
0.062866546,0.0
0.17413518,0.0
0.09748513,0.0
0.028069247,0.0
0.8088483,0.0
0.24441408,0.0
0.57314485,0.0
0.86696434,0.0
0.09618322,0.0
0.3696847,0.0
0.089943804,0.0
0.095793925,0.0
0.7648632,1.0
0.61413604,0.0
0.7841729,1.0
0.6559241,1.0
0.122706085,0.0
0.53483313,0.0
0.35773987,0.0
0.7779436,1.0
0.5700698,1.0
0.05531357,0.0
0.068188444,0.0
0.8467129,0.0
0.11016022,0.0
0.65853506,0.0
0.8918296,1.0
0.81061405,0.0
0.038759276,0.0
0.13605307,0.0
0.07818212,0.0
0.07861019,0.0
0.3098787,0.0
0.68346035,0.0
0.06594274,0.0
0.80991995,1.0
0.74275905,1.0
0.7005886,1.0
0.26060346,0.0
0.27875656,0.0
0.030333586,0.0
0.033169523,0.0
0.07436565,0.0
0.87506366,1.0
0.11166413,0.0
0.6334119,0.0
0.06955483,0.0
0.60720265,1.0
0.9109124,1.0
0.07241371,0.0
0.302637,0.0
0.17643036,0.0
0.4103236,0.0
0.8171489,1.0
0.842056,1.0
0.11003024,0.0
0.74989617,0.0
0.3604243,0.0
0.13452944,0.0
0.27128237,0.0
0.083832905,0.0
0.76530427,1.0
0.21403494,0.0
0.6558812,1.0
0.048502363,0.0
0.071271025,0.0
0.035458084,0.0
0.087324806,0.0
0.78584856,1.0
0.11198053,0.0
0.7599453,1.0
0.6718229,1.0
0.87112445,1.0
0.14124706,0.0
0.097277954,0.0
0.091844626,0.0
0.8531844,1.0
0.03305776,0.0
0.3899731,0.0
0.8263423,1.0
0.40086275,0.0
0.7451239,0.0
0.28628403,0.0
0.73387045,0.0
0.30639455,0.0
0.18684913,1.0
0.8618163,1.0
0.04434652,0.0
0.45337838,1.0
0.41682002,0.0
0.80549634,1.0
0.7319235,0.0
0.20622157,0.0
0.11426813,0.0
0.46520117,0.0
0.06936318,0.0
0.74757415,1.0
0.10894471,0.0
0.34575295,0.0
0.0656346,0.0
0.14933522,0.0
0.13871896,0.0
0.13201386,0.0
0.42740282,0.0
0.6631679,1.0
0.61836797,0.0
0.5622634,0.0
0.22289708,0.0
0.046374306,0.0
0.019162657,0.0
0.2525157,0.0
0.0814245,0.0
0.47238716,1.0
0.51617736,1.0
0.32966217,0.0
0.5870504,1.0
0.035272468,0.0
0.74464595,0.0
0.79833,1.0
0.8576376,1.0
0.79847765,1.0
0.11446939,0.0
0.53713566,1.0
0.58592224,1.0
0.22028144,0.0
0.062499397,0.0
0.043221634,0.0
0.6777476,1.0
0.23548438,0.0
0.7290989,0.0
0.8671002,1.0
0.78825396,0.0
0.2687713,0.0
0.051947784,0.0
0.76104885,1.0
0.16712488,0.0
0.6324368,0.0
0.04539231,0.0
0.67402285,1.0
0.41190252,0.0
0.19002885,0.0
0.029884163,0.0
0.28145233,0.0
0.56568354,1.0
0.054103997,1.0
0.3538238,0.0
0.05798278,0.0
0.117655426,0.0
0.8216447,1.0
0.34060222,0.0
0.8071742,1.0
0.02901089,0.0
0.057952322,0.0
0.713898,0.0
0.155999,0.0
0.14387812,0.0
0.027517354,0.0
0.14887659,0.0
0.9137051,1.0
0.8691814,1.0
0.71986705,1.0
0.16941653,0.0
0.10675958,0.0
0.534724,1.0
0.09138535,0.0
0.07486489,0.0
0.0552163,0.0
0.060904615,0.0
0.68141884,0.0
0.04747416,0.0
0.7327046,1.0
0.8708335,0.0
0.83484375,0.0
0.74361646,0.0
0.09387186,0.0
0.67432296,0.0
0.09652704,0.0
0.81749904,0.0
0.2816949,1.0
0.1778504,0.0
0.63616157,0.0
0.064269006,0.0
0.035277627,0.0
0.172554,0.0
0.23852833,0.0
0.76710385,1.0
0.16461001,0.0
0.6822123,1.0
0.73848855,0.0
0.31633326,1.0
0.8553377,1.0
0.0656697,0.0
0.8444907,1.0
0.3248687,0.0
0.75342244,1.0
0.051898025,0.0
0.8553123,0.0
0.041284706,0.0
0.14246672,0.0
0.04517299,0.0
0.2395775,0.0
0.79746413,1.0
0.59311414,1.0
0.25184125,0.0
0.0477491,0.0
0.4940007,1.0
0.19831213,0.0
0.5242317,0.0
0.8570723,1.0
0.82956076,1.0
0.15189087,0.0
0.154253,0.0
0.030419087,0.0
0.40817314,1.0
0.04324023,0.0
0.049785268,0.0
0.5087731,1.0
0.10159621,0.0
0.80892104,0.0
0.83031166,1.0
0.80920476,1.0
0.4962615,0.0
0.10049499,0.0
0.20019193,0.0
0.34169266,0.0
0.74014306,1.0
0.1602753,0.0
0.43525222,0.0
0.69284654,1.0
0.13072112,0.0
0.6301639,0.0
0.8079417,1.0
0.63844085,1.0
0.6164639,1.0
0.45162502,0.0
0.7608045,1.0
0.4034051,1.0
0.3582105,0.0
0.06728099,0.0
0.75676894,1.0
0.7297597,1.0
0.2217158,0.0
0.56310856,1.0
0.14434625,0.0
0.6963573,1.0
0.12231999,0.0
0.42940456,0.0
0.44830835,1.0
0.41138735,0.0
0.704198,1.0
0.6574873,1.0
0.77005357,1.0
0.4752483,0.0
0.6564192,1.0
0.39275846,0.0
0.20513262,0.0
0.540277,0.0
0.44045314,0.0
0.579244,1.0
0.3329487,0.0
0.57454824,0.0
0.4231392,1.0
0.052633893,0.0
0.43397912,1.0
0.64621395,1.0
0.030949427,0.0
0.15188943,0.0
0.29344898,0.0
0.065901875,0.0
0.08285292,0.0
0.1943441,0.0
0.5768244,0.0
0.43339634,0.0
0.27479175,0.0
0.3266309,1.0
0.24134946,0.0
0.3096062,1.0
0.14757656,0.0
0.04479907,0.0
0.18032001,0.0
0.23645833,0.0
0.68704796,1.0
0.67423093,1.0
0.21172553,0.0
0.8056475,1.0
0.722282,1.0
0.4966791,0.0
0.1424146,0.0
0.1626164,0.0
0.18834344,0.0
0.30893767,0.0
0.3115979,1.0
0.79974663,1.0
0.1397356,0.0
0.19761895,0.0
0.71835065,0.0
0.60326797,0.0
0.43855095,0.0
0.23168132,0.0
0.6137598,0.0
0.8332107,0.0
0.80056655,1.0
0.75310224,0.0
0.4547732,0.0
0.030426908,0.0
0.02528918,0.0
0.18540353,1.0
0.7649433,1.0
0.6974247,1.0
0.06414838,0.0
0.5573209,0.0
0.119378924,1.0
0.7832291,0.0
0.82787484,1.0
0.022968005,0.0
0.5924771,0.0
0.0482204,0.0
0.3328145,0.0
0.24309833,0.0
0.2793883,0.0
0.41846174,0.0
0.10593076,0.0
0.50680757,0.0
0.056685053,0.0
0.13069907,0.0
0.23642881,0.0
0.17907728,0.0
0.5704797,1.0
0.506935,0.0
0.677065,0.0
0.14407496,1.0
0.15641576,0.0
0.57636565,0.0
0.052172653,0.0
0.25433224,0.0
0.7620436,0.0
0.5206789,0.0
0.31577477,1.0
0.36355594,0.0
0.3333223,1.0
0.50197905,0.0
0.101302855,0.0
0.25201634,0.0
0.3371666,1.0
0.77867717,0.0
0.34028468,1.0
0.72930956,1.0
0.04393554,0.0
0.66668653,1.0
0.1969532,0.0
0.7485745,1.0
0.1347382,0.0
0.8154528,1.0
0.85078824,1.0
0.66129786,1.0
0.6223728,1.0
0.37780732,0.0
0.4943279,0.0
0.8411199,1.0
0.09708972,0.0
0.6093636,1.0
0.6419046,0.0
0.05374144,0.0
0.10302278,1.0
0.49427092,0.0
0.7195803,1.0
0.19378039,0.0
0.8148872,1.0
0.78237575,0.0
0.82057863,0.0
0.25889575,0.0
0.7269836,1.0
0.17393145,0.0
0.8358599,1.0
0.28449807,0.0
0.7391597,1.0
0.63050294,0.0
0.84972936,1.0
0.27793184,0.0
0.13631167,0.0
0.7475283,1.0
0.35564557,0.0
0.84491265,1.0
0.8637123,1.0
0.80307776,1.0
0.080013216,0.0
0.83809495,0.0
0.36410162,0.0
0.8650892,1.0
0.21613887,0.0
0.26622644,0.0
0.08676911,0.0
0.11989667,0.0
0.59227175,0.0
0.23520441,0.0
0.7841615,1.0
0.65229744,0.0
0.03706763,0.0
0.093116075,0.0
0.5063966,0.0
0.20217559,0.0
0.82899076,1.0
0.28515792,0.0
0.056958172,0.0
0.045595497,0.0
0.71023774,1.0
0.03303826,0.0
0.83995646,1.0
0.6779767,0.0
0.03177678,0.0
0.49228677,0.0
0.7892465,1.0
0.85327715,0.0
0.8697816,0.0
0.67640036,1.0
0.39183453,1.0
0.74659044,1.0
0.46435127,0.0
0.79011714,1.0
0.6823523,0.0
0.42537087,0.0
0.7787778,0.0
0.857497,0.0
0.30721426,0.0
0.5525177,0.0
0.27139103,0.0
0.030406615,0.0
0.59295905,1.0
0.8766778,1.0
0.027226824,0.0
0.05915506,0.0
0.16878939,1.0
0.41320154,0.0
0.15822615,0.0
0.66424876,0.0
0.32196906,0.0
0.5598902,1.0
0.7181892,1.0
0.72531056,0.0
0.532265,1.0
0.1814818,0.0
0.83364445,1.0
0.42109206,1.0
0.8827758,1.0
0.47409347,1.0
0.59546244,1.0
0.7029068,1.0
0.078680135,0.0
0.074306786,0.0
0.30558753,0.0
0.07450698,0.0
0.6608318,0.0
0.7812808,1.0
0.6898274,1.0
0.8014274,0.0
0.15936485,0.0
0.7514647,0.0
0.62987214,1.0
0.38209262,0.0
0.6527578,0.0
0.12917902,0.0
0.6733194,0.0
0.14990307,0.0
0.5465337,1.0
0.1767574,1.0
0.25519636,0.0
0.027450686,0.0
0.81436217,1.0
0.6559284,0.0
0.45480415,0.0
0.57031274,0.0
0.8730963,1.0
0.13667162,1.0
0.49016345,0.0
0.02831759,0.0
0.814445,0.0
0.1240571,0.0
0.8371222,1.0
0.030830072,0.0
0.20551251,0.0
0.733605,0.0
0.36201197,0.0
0.6120291,1.0
0.23399478,0.0
0.38873318,0.0
0.34621128,0.0
0.06595646,0.0
0.02211213,0.0
0.54688704,0.0
0.059799768,0.0
0.88869435,1.0
0.104166776,0.0
0.15534475,0.0
0.1753804,0.0
0.6346792,1.0
0.026509209,0.0
0.035517436,0.0
0.12152853,0.0
0.62737924,0.0
0.7334232,0.0
0.10195,0.0
0.7665867,0.0
0.8468456,1.0
0.8893111,0.0
0.27411047,1.0
0.3650008,0.0
0.32518855,0.0
0.8474128,1.0
0.15932561,0.0
0.16232395,0.0
0.7093586,1.0
0.37861365,0.0
0.83108103,1.0
0.8357685,1.0
0.38871455,0.0
0.07740665,0.0
0.8164191,1.0
0.64020205,1.0
0.35325208,0.0
0.15397593,0.0
0.10489963,1.0
0.5862338,1.0
0.04271315,0.0
0.29254287,0.0
0.7777544,1.0
0.91506666,1.0
0.33151773,0.0
0.7185217,0.0
0.021018779,0.0
0.658916,1.0
0.24750252,0.0
0.18864982,0.0
0.31607822,0.0
0.24833643,0.0
0.57442874,1.0
0.8681806,1.0
0.34542164,0.0
0.55697566,0.0
0.8190319,1.0
0.80622876,1.0
0.6949768,0.0
0.22384076,0.0
0.6978241,1.0
0.04654355,0.0
0.8092807,1.0
0.8639112,1.0
0.1517037,0.0
0.4118285,0.0
0.062626585,0.0
0.21295021,1.0
0.72525454,1.0
0.57889396,1.0
0.42519814,0.0
0.3837974,0.0
0.28611225,0.0
0.5527067,0.0
0.036435105,0.0
0.5280521,1.0
0.8683239,1.0
0.69226784,1.0
0.08457218,0.0
0.7018052,1.0
0.14107038,0.0
0.576118,0.0
0.82973593,0.0
0.40743175,0.0
0.19972213,0.0
0.68976355,1.0
0.106285125,0.0
0.8889352,1.0
0.5698714,0.0
0.48433307,0.0
0.053219218,0.0
0.03477252,0.0
0.45698565,0.0
0.2830949,0.0
0.18799344,1.0
0.14106004,0.0
0.46310663,0.0
0.8604666,1.0
0.07456984,0.0
0.416369,0.0
0.65996104,0.0
0.3663351,0.0
0.15909481,1.0
0.6853627,0.0
0.11515873,0.0
0.45070413,0.0
0.3036835,0.0
0.6353203,1.0
0.042640503,0.0
0.17840843,0.0
0.099891365,0.0
0.6293092,0.0
0.8807927,1.0
0.728238,1.0
0.7963888,1.0
0.034748323,0.0
0.76307696,0.0
0.875902,0.0
0.5045021,0.0
0.84913105,1.0
0.48665327,0.0
0.59328634,0.0
0.79205215,1.0
0.4291125,0.0
0.501123,0.0
0.6259591,0.0
0.6112171,0.0
0.8263736,1.0
0.19270875,0.0
0.09660852,0.0
0.34299213,0.0
0.71344393,1.0
0.16840206,0.0
0.20378423,0.0
0.6486414,0.0
0.28353468,0.0
0.7123372,1.0
0.12577727,0.0
0.34507212,0.0
0.45979548,0.0
0.07539237,0.0
0.5717273,0.0
0.72768587,1.0
0.36561608,0.0
0.10728528,0.0
0.08850051,0.0
0.04136175,0.0
0.56944585,0.0
0.09528067,0.0
0.13935937,0.0
0.55596507,0.0
0.57126164,0.0
0.502487,1.0
0.70951456,1.0
0.8371861,1.0
0.11168352,0.0
0.058957677,0.0
0.58603656,1.0
0.6934083,1.0
0.5972985,0.0
0.021591974,0.0
0.027495766,0.0
0.56703514,1.0
0.3743087,0.0
0.0801766,0.0
0.8146155,0.0
0.04379372,0.0
0.09373385,0.0
0.49848866,0.0
0.32890725,0.0
0.055866826,0.0
0.8232026,0.0
0.039921254,0.0
0.8852606,1.0
0.07391251,0.0
0.06767995,0.0
0.6595475,0.0
0.6328437,0.0
0.029713275,0.0
0.47261325,0.0
0.5893346,1.0
0.7955842,0.0
0.38036132,0.0
0.40258893,0.0
0.15858284,0.0
0.6839411,0.0
0.10295511,0.0
0.4666821,1.0
0.76844466,0.0
0.67947525,0.0
0.0469418,0.0
0.8683449,1.0
0.14782873,0.0
0.6367383,0.0
0.091987565,0.0
0.68795484,1.0
0.05738818,0.0
0.71975166,1.0
0.646422,0.0
0.44486105,1.0
0.11410099,1.0
0.7079393,1.0
0.16429034,0.0
0.5261017,0.0
0.72434205,0.0
0.878835,1.0
0.14480975,0.0
0.08245378,0.0
0.7881172,1.0
0.2162026,0.0
0.131449,0.0
0.088444225,0.0
0.83509886,1.0
0.06420635,0.0
0.25062925,0.0
0.22404465,0.0
0.3063623,0.0
0.24325706,0.0
0.8277618,1.0
0.839071,0.0
0.1877897,0.0
0.16191842,0.0
0.6747018,1.0
0.1278462,0.0
0.0374043,0.0
0.24365301,0.0
0.80257577,0.0
0.52782154,1.0
0.7307752,1.0
0.22324996,0.0
0.41879052,0.0
0.08027222,0.0
0.7232616,0.0
0.0313548,0.0
0.57643795,1.0
0.17115065,0.0
0.28122848,0.0
0.33457395,1.0
0.062820956,0.0
0.61543953,1.0
0.06466853,0.0
0.051636547,0.0
0.3404472,1.0
0.6982068,0.0
0.5145754,0.0
0.04413194,0.0
0.4990071,0.0
0.23341388,0.0
0.1779155,0.0
0.67153734,0.0
0.04549748,0.0
0.14628151,0.0
0.3071764,0.0
0.30276296,0.0
0.6638721,0.0
0.86557555,1.0
0.058728244,0.0
0.41197714,1.0
0.37219763,0.0
0.8271003,1.0
0.032808043,0.0
0.8031232,1.0
0.8392419,1.0
0.84453785,1.0
0.57623833,1.0
0.10964227,0.0
0.33527997,1.0
0.33938748,0.0
0.29535854,0.0
0.79728967,1.0
0.7861413,0.0
0.74318945,0.0
0.23017499,1.0
0.28934863,0.0
0.31246608,0.0
0.18437237,0.0
0.34845418,1.0
0.8027957,1.0
0.084447585,0.0
0.116047904,0.0
0.69338506,0.0
0.15019016,0.0
0.07103774,0.0
0.7267048,0.0
0.19687273,0.0
0.20288922,0.0
0.29436326,1.0
0.47165188,0.0
0.024489358,0.0
0.6924402,1.0
0.49031723,1.0
0.07337259,0.0
0.3838881,0.0
0.028513761,0.0
0.07143794,0.0
0.714188,0.0
0.06775985,0.0
0.53706235,0.0
0.70922613,1.0
0.681988,0.0
0.8273774,1.0
0.1886939,0.0
0.09371495,0.0
0.21548769,0.0
0.31860685,1.0
0.55315304,0.0
0.03595241,0.0
0.76531607,1.0
0.1684556,0.0
0.06780686,0.0
0.41450122,0.0
0.27260107,0.0
0.1131658,0.0
0.8216886,1.0
0.08217364,0.0
0.7843587,1.0
0.832992,1.0
0.16953853,0.0
0.520602,0.0
0.089730136,0.0
0.38497993,0.0
0.7807252,1.0
0.8528369,1.0
0.43055582,0.0
0.078451715,0.0
0.23809403,0.0
0.7646571,0.0
0.5256327,0.0
0.2840995,1.0
0.6899997,1.0
0.20798314,0.0
0.27031738,0.0
0.42997974,0.0
0.82669806,1.0
0.045404367,0.0
0.8055272,1.0
0.11030013,0.0
0.64267087,1.0
0.76796526,0.0
0.06196815,0.0
0.09942467,0.0
0.24721202,0.0
0.77650976,0.0
0.04519995,0.0
0.3673907,0.0
0.7663514,1.0
0.30868918,0.0
0.5577043,1.0
0.8825008,1.0
0.61731744,0.0
0.045831367,0.0
0.10746398,0.0
0.79148525,1.0
0.08405155,0.0
0.625892,1.0
0.8547873,1.0
0.049169835,0.0
0.6848625,1.0
0.23163158,0.0
0.63113856,1.0
0.30095115,0.0
0.67925,0.0
0.55528957,0.0
0.7691762,0.0
0.29964426,0.0
0.046456985,0.0
0.86868054,1.0
0.8026594,1.0
0.32789624,0.0
0.32332242,1.0
0.14202209,0.0
0.53215283,0.0
0.8001337,0.0
0.75318116,1.0
0.10521724,0.0
0.83154786,1.0
0.7481294,0.0
0.87318444,1.0
0.02751419,0.0
0.4009294,0.0
0.07342186,0.0
0.047944445,0.0
0.7513705,0.0
0.79030627,0.0
0.10728635,0.0
0.2528955,0.0
0.17417863,0.0
0.117843635,0.0
0.25593618,0.0
0.3631183,1.0
0.64604384,1.0
0.84146243,1.0
0.592734,1.0
0.7844266,1.0
0.3497232,0.0
0.8063624,0.0
0.4470227,0.0
0.720117,1.0
0.03695019,0.0
0.8088855,1.0
0.43148968,1.0
0.57565033,0.0
0.4735441,0.0
0.1069384,0.0
0.14762561,0.0
0.28874078,0.0
0.09558126,0.0
0.09399889,0.0
0.29778266,0.0
0.79045427,1.0
0.06881228,0.0
0.7792155,0.0
0.778468,0.0
0.1388541,0.0
0.14198408,0.0
0.8263625,0.0
0.6067029,1.0
0.75891405,1.0
0.38856047,0.0
0.1713904,0.0
0.033583447,0.0
0.3088949,0.0
0.116074786,0.0
0.19530246,0.0
0.81932676,0.0
0.670452,1.0
0.76148397,1.0
0.097115375,0.0
0.38356268,0.0
0.87947357,1.0
0.15034477,0.0
0.61918837,0.0
0.20193252,0.0
0.72090495,1.0
0.11581447,0.0
0.04483467,0.0
0.820851,1.0
0.7286813,1.0
0.8677625,0.0
0.61987275,1.0
0.7213045,1.0
0.56321484,1.0
0.83940893,0.0
0.072477646,0.0
0.12411197,0.0
0.0645571,0.0
0.85480577,1.0
0.36613342,0.0
0.2983013,0.0
0.029070199,0.0
0.19950207,1.0
0.50528854,0.0
0.37603173,0.0
0.78966594,1.0
0.19300148,0.0
0.3646214,1.0
0.26084316,0.0
0.1447361,0.0
0.05726014,0.0
0.8019343,1.0
0.7955541,0.0
0.8435987,1.0
0.6972056,0.0
0.026618542,0.0
0.4362717,0.0
0.4352377,0.0
0.4228287,0.0
0.7871441,1.0
0.626474,1.0
0.772015,1.0
0.06340384,0.0
0.44886893,1.0
0.63213176,1.0
0.8496034,1.0
0.8298597,1.0
0.81385106,1.0
0.47352988,1.0
0.80883,1.0
0.77708113,0.0
0.78084904,1.0
0.30997497,0.0
0.08762626,0.0
0.03293387,0.0
0.61170816,1.0
0.8150193,1.0
0.82280296,1.0
0.37159556,0.0
0.6535181,0.0
0.6683873,0.0
0.7057108,0.0
0.043021288,0.0
0.1262711,0.0
0.37935394,0.0
0.041832853,0.0
0.7581676,1.0
0.41003183,0.0
0.11899303,0.0
0.13641876,0.0
0.8799623,1.0
0.21828797,1.0
0.16779675,0.0
0.7869649,1.0
0.82530665,1.0
0.022742474,0.0
0.06280195,0.0
0.2891991,1.0
0.06474297,0.0
0.22749412,1.0
0.3749667,0.0
0.12121253,0.0
0.6799756,0.0
0.71947277,1.0
0.40454203,0.0
0.029771607,0.0
0.5752165,0.0
0.843275,1.0
0.056112617,0.0
0.054850977,0.0
0.59967375,0.0
0.030842757,0.0
0.5451248,0.0
0.59543633,1.0
0.040954985,0.0
0.20015332,1.0
0.26008773,0.0
0.08137194,0.0
0.09774281,0.0
0.46430543,1.0
0.7934217,0.0
0.018653365,0.0
0.13505752,0.0
0.5433112,1.0
0.70128924,0.0
0.18676142,1.0
0.10539801,0.0
0.027000356,0.0
0.2968897,0.0
0.09621633,0.0
0.030223252,0.0
0.08674731,0.0
0.07369909,0.0
0.24906527,1.0
0.58373207,1.0
0.18229666,0.0
0.8155988,1.0
0.17670126,0.0
0.4230602,1.0
0.7433195,1.0
0.37948748,1.0
0.87287164,0.0
0.41079488,1.0
0.10662662,0.0
0.11358398,0.0
0.030066533,0.0
0.24474113,0.0
0.75287604,0.0
0.20391344,1.0
0.17224196,0.0
0.0646642,0.0
0.15558572,0.0
0.071859725,0.0
0.09402978,0.0
0.21011421,0.0
0.06514906,1.0
0.88012624,1.0
0.47077605,0.0
0.55463827,1.0
0.24030259,0.0
0.18048124,0.0
0.8171362,0.0
0.7310425,1.0
0.48889825,1.0
0.2778655,0.0
0.9061735,1.0
0.8396307,1.0
0.49036413,0.0
0.1530912,1.0
0.029034507,0.0
0.70691067,0.0
0.027409812,0.0
0.040333208,0.0
0.42630205,0.0
0.42854545,0.0
0.0784058,0.0
0.85306674,1.0
0.07250504,0.0
0.07988568,0.0
0.0906669,0.0
0.5795746,0.0
0.80672896,1.0
0.68592644,1.0
0.6584602,0.0
0.70244867,1.0
0.8163486,1.0
0.040428776,0.0
0.040759187,0.0
0.65246874,0.0
0.26929078,1.0
0.17397636,0.0
0.07142767,0.0
0.09904502,0.0
0.85701346,1.0
0.7601384,1.0
0.91951376,1.0
0.8673001,1.0
0.80252475,1.0
0.82349473,1.0
0.26022038,0.0
0.03796055,0.0
0.25776392,0.0
0.401646,0.0
0.53662676,1.0
0.09397711,0.0
0.5791409,1.0
0.145376,0.0
0.70942557,1.0
0.8351331,1.0
0.22931533,0.0
0.42842284,0.0
0.69222915,0.0
0.3832211,0.0
0.37316218,0.0
0.7285279,1.0
0.44287673,0.0
0.84159106,0.0
0.025562745,0.0
0.8692911,0.0
0.739254,0.0
0.75148517,0.0
0.7601261,1.0
0.73839545,1.0
0.73716587,1.0
0.41412765,0.0
0.5365437,1.0
0.8838325,1.0
0.8156489,0.0
0.5220261,0.0
0.06675239,0.0
0.05167273,0.0
0.17073005,0.0
0.2744057,0.0
0.78088385,0.0
0.89018285,1.0
0.7476245,0.0
0.13787688,0.0
0.84999824,0.0
0.70655596,1.0
0.80468184,1.0
0.1336496,0.0
0.6057176,1.0
0.083663695,0.0
0.6299225,0.0
0.20708176,0.0
0.026687816,0.0
0.34798005,0.0
0.29217893,0.0
0.29909563,1.0
0.63200355,0.0
0.16543211,0.0
0.09346592,0.0
0.1575718,0.0
0.82269853,1.0
0.8310989,0.0
0.8142681,1.0
0.8458356,1.0
0.55540293,1.0
0.024512423,0.0
0.062283672,0.0
0.7975416,1.0
0.14015959,0.0
0.025192339,0.0
0.6475461,1.0
0.6751115,1.0
0.49958408,0.0
0.895494,1.0
0.44171715,0.0
0.18588927,0.0
0.8435701,1.0
0.1201256,0.0
0.45925513,0.0
0.38082883,0.0
0.085792154,0.0
0.1582859,0.0
0.06648005,0.0
0.5147237,0.0
0.6991147,0.0
0.26285392,0.0
0.29936555,0.0
0.25251865,0.0
0.14425424,1.0
0.82242334,1.0
0.3055006,0.0
0.1837079,0.0
0.32863423,1.0
0.07130036,0.0
0.7681607,1.0
0.81898844,1.0
0.4016761,0.0
0.7236036,0.0
0.84369296,1.0
0.026048223,0.0
0.8562697,1.0
0.71548325,1.0
0.7148704,1.0
0.08217698,0.0
0.055666253,0.0
0.7734853,1.0
0.043219954,0.0
0.08778613,0.0
0.06929879,0.0
0.48721123,0.0
0.11841177,0.0
0.029980458,0.0
0.7742432,1.0
0.8273048,1.0
0.0697664,0.0
0.70745844,1.0
0.7901507,1.0
0.45985293,1.0
0.71081734,0.0
0.18491064,0.0
0.03293677,0.0
0.3037514,0.0
0.5030722,0.0
0.16343631,1.0
0.83545876,0.0
0.28687087,1.0
0.8932618,1.0
0.04729983,0.0
0.11252888,0.0
0.035982337,0.0
0.242119,0.0
0.88374496,1.0
0.72410846,1.0
0.58744174,0.0
0.13257052,0.0
0.78493315,1.0
0.19114569,1.0
0.6575485,1.0
0.27228624,0.0
0.7181706,1.0
0.9052202,1.0
0.23899552,0.0
0.2496819,0.0
0.097324505,0.0
0.70812166,1.0
0.7078099,1.0
0.84128976,0.0
0.42740345,1.0
0.052585125,0.0
0.7846341,0.0
0.70575476,1.0
0.06063282,0.0
0.20116627,1.0
0.31272215,0.0
0.45656562,0.0
0.11981285,0.0
0.3491689,0.0
0.86644065,0.0
0.7861324,0.0
0.3229558,1.0
0.60385823,0.0
0.72656316,0.0
0.47179937,0.0
0.38168657,0.0
0.5126577,0.0
0.8555124,1.0
0.7078532,1.0
0.8220834,1.0
0.78568566,0.0
0.81179285,1.0
0.78500366,0.0
0.23698165,0.0
0.13271457,0.0
0.82904744,1.0
0.08763473,0.0
0.044377014,1.0
0.07830065,0.0
0.11306879,0.0
0.31118444,0.0
0.15051594,0.0
0.29661283,1.0
0.71881735,1.0
0.18845832,0.0
0.36597735,1.0
0.123279706,0.0
0.44855586,0.0
0.7545589,0.0
0.4875397,0.0
0.41993162,0.0
0.83278483,1.0
0.39011344,0.0
0.5557411,1.0
0.038008958,0.0
0.63690215,1.0
0.18473631,0.0
0.035212643,0.0
0.7932227,1.0
0.06957131,0.0
0.17465402,0.0
0.63499874,0.0
0.10814383,1.0
0.5025553,0.0
0.22268152,0.0
0.33788007,0.0
0.6909886,0.0
0.5891459,0.0
0.42892742,1.0
0.82361823,1.0
0.10902006,0.0
0.7761457,0.0
0.7890727,1.0
0.82661873,0.0
0.7015511,0.0
0.50741005,1.0
0.7889113,1.0
0.7986601,1.0
0.76663387,1.0
0.15037853,0.0
0.5854749,1.0
0.042291533,0.0
0.051818952,0.0
0.30440038,0.0
0.8728045,1.0
0.2739001,0.0
0.5137996,0.0
0.61598,0.0
0.15949063,1.0
0.096045315,0.0
0.027467174,0.0
0.056619536,0.0
0.75852126,1.0
0.068806075,0.0
0.23584227,0.0
0.8575773,1.0
0.6229691,1.0
0.54314345,0.0
0.6541798,0.0
0.44152924,0.0
0.59508145,1.0
0.38151234,1.0
0.6423745,1.0
0.56056744,1.0
0.6720754,0.0
0.8575324,1.0
0.3390894,0.0
0.8485033,1.0
0.42753026,0.0
0.364224,0.0
0.50658727,0.0
0.10142396,0.0
0.61202145,1.0
0.107843675,0.0
0.047164973,0.0
0.06344968,0.0
0.08244887,0.0
0.41112936,0.0
0.80173564,1.0
0.6161678,1.0
0.838211,1.0
0.53921604,0.0
0.09845838,0.0
0.16311985,0.0
0.35655874,0.0
0.3741666,0.0
0.05028713,0.0
0.534472,1.0
0.8890538,1.0
0.608093,0.0
0.18752043,0.0
0.7156438,1.0
0.8124352,1.0
0.18588307,0.0
0.7066971,0.0
0.05854111,0.0
0.2682211,0.0
0.79336274,1.0
0.7029385,1.0
0.06862551,0.0
0.8333457,1.0
0.24906847,0.0
0.083293594,0.0
0.1404081,1.0
0.027117535,0.0
0.098606326,0.0
0.47274545,1.0
0.0718781,0.0
0.87160176,1.0
0.1675162,0.0
0.025291445,0.0
0.15476337,0.0
0.34869033,0.0
0.44389355,0.0
0.1693841,0.0
0.112006135,0.0
0.10771677,0.0
0.4047384,0.0
0.10588376,0.0
0.78323394,1.0
0.080166,0.0
0.070488594,0.0
0.7415996,1.0
0.54444104,0.0
0.5487615,1.0
0.7407043,1.0
0.41159132,0.0
0.3081324,0.0
0.19055866,0.0
0.5314361,0.0
0.14051406,0.0
0.8496829,0.0
0.80026466,1.0
0.78707623,1.0
0.26228327,0.0
0.27111506,1.0
0.35803458,0.0
0.38283104,0.0
0.741598,1.0
0.22394803,0.0
0.42200926,1.0
0.6059038,0.0
0.7126857,1.0
0.076938584,0.0
0.53382564,0.0
0.2461204,0.0
0.839743,0.0
0.1584555,0.0
0.82005394,1.0
0.6726919,0.0
0.7995044,1.0
0.12123839,0.0
0.119606666,0.0
0.6005228,0.0
0.72898257,1.0
0.35473448,0.0
0.8761618,0.0
0.0298149,0.0
0.025416369,0.0
0.20142484,0.0
0.0797514,0.0
0.8325848,1.0
0.7387276,0.0
0.77168405,0.0
0.81046975,1.0
0.63670695,0.0
0.4930838,1.0
0.033059034,0.0
0.36167035,1.0
0.69385517,1.0
0.7449264,1.0
0.11128299,0.0
0.025964664,0.0
0.14142862,0.0
0.11756392,0.0
0.039966706,0.0
0.8347141,1.0
0.67762697,1.0
0.056313545,0.0
0.054164972,0.0
0.8659083,1.0
0.0667474,0.0
0.8340866,0.0
0.7165737,1.0
0.8116984,1.0
0.805634,0.0
0.7658525,1.0
0.79559934,1.0
0.19212143,0.0
0.6592753,1.0
0.35225677,0.0
0.14728644,0.0
0.5210548,1.0
0.079835206,0.0
0.21740152,0.0
0.36847138,1.0
0.3548516,0.0
0.8251457,1.0
0.7562391,1.0
0.33992746,0.0
0.5738391,0.0
0.1309204,0.0
0.03576159,0.0
0.21162546,0.0
0.38651422,0.0
0.42489567,1.0
0.63537294,1.0
0.48032847,1.0
0.7017008,0.0
0.75628924,0.0
0.62151855,0.0
0.07774596,0.0
0.8603524,0.0
0.2876736,0.0
0.67587644,0.0
0.8245222,1.0
0.1641002,1.0
0.12730199,0.0
0.1529815,0.0
0.85715556,1.0
0.29868823,0.0
0.08535012,0.0
0.8443064,1.0
0.75910866,1.0
0.734965,1.0
0.7080911,0.0
0.7079157,1.0
0.4623995,1.0
0.19542469,1.0
0.75861174,1.0
0.07529919,0.0
0.75488514,1.0
0.5791837,1.0
0.7372635,0.0
0.030818589,0.0
0.1436432,0.0
0.098307036,1.0
0.6680677,0.0
0.31743306,0.0
0.64896476,0.0
0.28649434,0.0
0.22116525,0.0
0.24329317,0.0
0.7756986,0.0
0.053005405,0.0
0.8176137,1.0
0.840354,1.0
0.10136652,0.0
0.42763087,0.0
0.08218723,0.0
0.38898957,0.0
0.08724551,0.0
0.26046306,0.0
0.11383132,0.0
0.30833718,1.0
0.37280673,0.0
0.73123735,0.0
0.8285574,0.0
0.40806302,0.0
0.062278833,0.0
0.07364733,0.0
0.03121585,1.0
0.5880727,1.0
0.50792503,0.0
0.68282944,1.0
0.04348011,0.0
0.25649387,0.0
0.14775658,0.0
0.6955439,0.0
0.77900714,0.0
0.85507333,0.0
0.33351395,0.0
0.47227335,1.0
0.31946668,0.0
0.24703655,1.0
0.43581784,0.0
0.8449122,1.0
0.56258994,0.0
0.30206987,0.0
0.21135937,0.0
0.7634458,1.0
0.03520158,0.0
0.33698088,0.0
0.8381438,0.0
0.6564501,0.0
0.84241605,1.0
0.7649889,1.0
0.68198925,1.0
0.5234525,0.0
0.8486804,1.0
0.4506909,1.0
0.9206396,1.0
0.6039459,1.0
0.44687173,0.0
0.16610757,0.0
0.22755124,1.0
0.72953564,0.0
0.8514486,1.0
0.4554936,0.0
0.8069074,1.0
0.029185873,0.0
0.6190833,1.0
0.64444643,0.0
0.059557743,0.0
0.034094214,0.0
0.8085247,1.0
0.09824989,0.0
0.06723162,0.0
0.50425345,1.0
0.46286103,0.0
0.08573809,1.0
0.8439097,1.0
0.5141081,1.0
0.6204913,0.0
0.42928708,1.0
0.17233537,1.0
0.7325262,0.0
0.06729846,0.0
0.68657625,1.0
0.6413314,0.0
0.8922129,1.0
0.31636503,1.0
0.11832489,0.0
0.032618403,0.0
0.5314299,1.0
0.8508703,0.0
0.7136,0.0
0.1340957,0.0
0.043169387,0.0
0.5115858,0.0
0.5044426,1.0
0.33656842,0.0
0.03964006,0.0
0.7754121,1.0
0.761718,1.0
0.730284,1.0
0.07364747,0.0
0.8252581,1.0
0.67614514,0.0
0.5517887,0.0
0.15616105,1.0
0.40322548,1.0
0.038952697,0.0
0.81318283,1.0
0.6198894,0.0
0.3081517,1.0
0.8165268,0.0
0.45965856,0.0
0.7575044,1.0
0.04885932,0.0
0.17643556,0.0
0.54019105,0.0
0.46175128,0.0
0.40398982,1.0
0.75383854,1.0
0.43949732,0.0
0.679411,0.0
0.4939368,0.0
0.08165696,0.0
0.08544756,0.0
0.070730716,0.0
0.38493177,0.0
0.54848164,1.0
0.33783773,0.0
0.10353115,0.0
0.19671597,0.0
0.040470917,0.0
0.5418875,0.0
0.78972995,1.0
0.08538482,1.0
0.020185215,0.0
0.17503858,1.0
0.08115101,0.0
0.20973605,0.0
0.24536422,1.0
0.8197278,0.0
0.13680093,0.0
0.6812038,1.0
0.30779165,0.0
0.034995973,0.0
0.8368247,1.0
0.053317357,0.0
0.15039589,1.0
0.68813837,1.0
0.7690316,0.0
0.09632922,0.0
0.37271765,1.0
0.037600085,0.0
0.11675282,0.0
0.6620541,1.0
0.25715357,0.0
0.5062641,1.0
0.061159432,0.0
0.24623927,1.0
0.63896894,0.0
0.041081,0.0
0.17297336,0.0
0.76680535,0.0
0.09093544,1.0
0.28945428,0.0
0.14197604,0.0
0.6408563,1.0
0.7077132,0.0
0.8353516,1.0
0.66642535,1.0
0.7292258,1.0
0.77170163,1.0
0.86841667,0.0
0.15039302,1.0
0.3033673,1.0
0.70323694,0.0
0.16975202,0.0
0.8057719,0.0
0.47884563,1.0
0.1508217,0.0
0.5675147,1.0
0.5155428,1.0
0.8630042,1.0
0.2712317,0.0
0.29305884,0.0
0.14998612,0.0
0.755652,1.0
0.58098066,0.0
0.1323946,0.0
0.5187118,0.0
0.26415226,0.0
0.31796566,0.0
0.77092105,1.0
0.7414463,1.0
0.42876732,1.0
0.72896355,1.0
0.716382,0.0
0.3126381,1.0
0.8379029,1.0
0.28289965,0.0
0.85002553,1.0
0.8548643,1.0
0.41827163,0.0
0.5251489,0.0
0.6335205,1.0
0.6378936,0.0
0.060571354,0.0
0.42304993,0.0
0.4613334,0.0
0.09816682,0.0
0.24182178,0.0
0.095361516,0.0
0.8237043,1.0
0.4205827,0.0
0.13502492,0.0
0.59671474,0.0
0.6971569,0.0
0.03304272,0.0
0.68769693,1.0
0.41901407,1.0
0.6959535,1.0
0.052459776,0.0
0.052282695,0.0
0.066157624,0.0
0.77172303,1.0
0.66543615,1.0
0.42560595,0.0
0.82419556,1.0
0.831476,1.0
0.20845513,0.0
0.027983703,0.0
0.21572712,0.0
0.62420493,1.0
0.05953936,0.0
0.07345677,0.0
0.80836177,1.0
0.050817396,0.0
0.6829848,1.0
0.78171813,1.0
0.7993096,1.0
0.37228042,0.0
0.7879376,0.0
0.67245585,1.0
0.36162838,0.0
0.052900083,0.0
0.7467895,1.0
0.30904445,0.0
0.06760573,0.0
0.05400801,0.0
0.70972747,1.0
0.8036386,1.0
0.42676634,1.0
0.7206821,0.0
0.5457311,0.0
0.030134289,0.0
0.73260623,1.0
0.12576708,0.0
0.7024457,1.0
0.44899788,0.0
0.22433402,0.0
0.0662411,0.0
0.89141357,1.0
0.2913643,1.0
0.83785254,0.0
0.14106765,0.0
0.84652704,1.0
0.8044448,1.0
0.067128144,0.0
0.6461975,0.0
0.80039644,1.0
0.79784477,1.0
0.10294014,0.0
0.7816754,1.0
0.30772826,1.0
0.81429505,1.0
0.043198466,0.0
0.43197367,0.0
0.19570091,0.0
0.107712395,0.0
0.38158268,1.0
0.19564018,0.0
0.38460037,0.0
0.040236227,0.0
0.527365,0.0
0.4587156,0.0
0.069591746,0.0
0.61623096,1.0
0.65896744,0.0
0.12086267,0.0
0.78861904,0.0
0.9075129,1.0
0.041598458,0.0
0.062204238,0.0
0.79260814,0.0
0.30353475,0.0
0.69412774,0.0
0.7463156,1.0
0.75149214,0.0
0.2607329,1.0
0.3922286,0.0
0.18528979,0.0
0.7443829,1.0
0.26276374,0.0
0.12201646,0.0
0.44372293,0.0
0.61351377,0.0
0.8335249,1.0
0.039114118,0.0
0.29777578,0.0
0.17326905,0.0
0.051133566,0.0
0.053735666,0.0
0.3040556,0.0
0.43102995,0.0
0.4283871,0.0
0.37502974,0.0
0.42669505,0.0
0.123009585,0.0
0.79293483,1.0
0.14808774,0.0
0.5802958,1.0
0.1591135,1.0
0.7682845,0.0
0.65717596,1.0
0.46969342,0.0
0.13851523,0.0
0.63179594,0.0
0.62274164,1.0
0.09924614,1.0
0.07613263,0.0
0.68927526,0.0
0.15050715,1.0
0.731757,1.0
0.18977708,0.0
0.037671283,0.0
0.04963777,0.0
0.42978597,1.0
0.19942997,0.0
0.022619173,0.0
0.15479746,1.0
0.11704161,0.0
0.84386796,1.0
0.5899058,0.0
0.03891389,0.0
0.34537196,0.0
0.14331138,0.0
0.6875666,0.0
0.54774535,0.0
0.032733124,0.0
0.12083387,0.0
0.3430083,0.0
0.110704035,0.0
0.6533682,0.0
0.51966274,0.0
0.42179856,0.0
0.10812002,0.0
0.049017858,0.0
0.3849029,1.0
0.57346123,0.0
0.56633496,1.0
0.5003122,0.0
0.81127274,1.0
0.2439979,0.0
0.53245205,0.0
0.8358123,1.0
0.79511607,1.0
0.90082544,1.0
0.877017,0.0
0.02767296,0.0
0.867961,1.0
0.022645373,0.0
0.71824235,1.0
0.7170709,0.0
0.2338978,0.0
0.119152464,0.0
0.6722122,0.0
0.785546,0.0
0.045222983,0.0
0.035374243,0.0
0.7601517,1.0
0.046056625,0.0
0.77987885,1.0
0.79451346,0.0
0.8690025,1.0
0.1353617,0.0
0.7026951,0.0
0.8383137,1.0
0.28439808,0.0
0.17081971,0.0
0.12819725,0.0
0.68392515,0.0
0.14547727,0.0
0.7235508,1.0
0.079207316,0.0
0.27543488,0.0
0.08913787,0.0
0.2645573,0.0
0.6037673,0.0
0.7501681,1.0
0.76675916,1.0
0.6370155,0.0
0.87041795,0.0
0.43524486,0.0
0.80515915,0.0
0.529601,0.0
0.062618226,0.0
0.035283998,0.0
0.17259468,0.0
0.6169051,1.0
0.84294367,1.0
0.05319189,0.0
0.82353497,0.0
0.8110066,0.0
0.040957313,0.0
0.5202309,0.0
0.053354114,0.0
0.029000444,0.0
0.048000205,0.0
0.29098955,0.0
0.7466883,0.0
0.21580748,0.0
0.037181396,0.0
0.7800726,1.0
0.836075,0.0
0.7926918,1.0
0.18891953,0.0
0.2325242,0.0
0.08775375,1.0
0.80572295,1.0
0.02623031,0.0
0.117313474,0.0
0.70356554,0.0
0.42350477,1.0
0.87567854,1.0
0.16913134,0.0
0.1725585,0.0
0.08871,0.0
0.78409505,1.0
0.5025337,0.0
0.66993654,0.0
0.10334644,0.0
0.06730055,0.0
0.02621404,0.0
0.15330197,1.0
0.8021231,1.0
0.099165276,0.0
0.2983582,1.0
0.8200383,1.0
0.6627642,1.0
0.32770863,0.0
0.60512745,0.0
0.42052853,0.0
0.14623351,0.0
0.82508296,1.0
0.21742153,0.0
0.17322806,0.0
0.19739035,0.0
0.8388507,1.0
0.037811067,0.0
0.87003875,1.0
0.78521305,1.0
0.30565766,0.0
0.8636,1.0
0.8040216,0.0
0.09943953,0.0
0.79315007,0.0
0.15669304,0.0
0.36839768,1.0
0.5903515,0.0
0.78156096,0.0
0.18391109,0.0
0.7029152,0.0
0.38228172,1.0
0.17150995,0.0
0.047276746,0.0
0.032980625,0.0
0.23323362,0.0
0.7405968,0.0
0.097299516,0.0
0.80566114,1.0
0.848039,1.0
0.11295535,0.0
0.12895456,0.0
0.74227244,1.0
0.12702355,0.0
0.03307612,0.0
0.85410506,0.0
0.07498413,1.0
0.5308409,0.0
0.8706208,1.0
0.21430922,0.0
0.42292333,0.0
0.104729466,0.0
0.7505916,0.0
0.6964376,1.0
0.07741388,0.0
0.7794132,0.0
0.6779985,0.0
0.11908794,0.0
0.7864565,1.0
0.40483966,0.0
0.81375897,1.0
0.31693533,0.0
0.6284253,0.0
0.47194973,1.0
0.82819766,1.0
0.087576106,0.0
0.87032866,0.0
0.059805483,0.0
0.06670048,0.0
0.23583873,1.0
0.56165206,0.0
0.5732052,0.0
0.81251293,1.0
0.38882497,0.0
0.029702747,0.0
0.7585678,0.0
0.22530243,0.0
0.27139857,0.0
0.6735182,0.0
0.1415263,0.0
0.734855,1.0
0.7108262,1.0
0.47166768,0.0
0.04490384,0.0
0.6212906,1.0
0.13259526,0.0
0.04077561,0.0
0.7611118,0.0
0.06433515,0.0
0.849345,1.0
0.1725211,0.0
0.115414545,0.0
0.052658904,0.0
0.4819365,0.0
0.77719474,1.0
0.84431845,1.0
0.16815436,0.0
0.22722793,0.0
0.26844114,1.0
0.90887576,1.0
0.20390445,0.0
0.48273957,0.0
0.13793968,0.0
0.7110074,1.0
0.23101296,0.0
0.32580593,0.0
0.68087006,0.0
0.61396074,0.0
0.5023814,1.0
0.7013501,0.0
0.116229214,0.0
0.8193607,0.0
0.1655059,0.0
0.119195946,0.0
0.81078494,1.0
0.085390694,0.0
0.7923086,1.0
0.034839664,0.0
0.091880046,0.0
0.70090795,0.0
0.55381894,1.0
0.19724146,0.0
0.8071941,1.0
0.8012117,1.0
0.5025375,0.0
0.5864288,0.0
0.2218156,0.0
0.6314856,1.0
0.044445425,0.0
0.8504346,1.0
0.39258453,0.0
0.67924696,0.0
0.044392467,0.0
0.7917678,0.0
0.09923829,0.0
0.80188566,1.0
0.26860917,0.0
0.55801934,1.0
0.079885036,0.0
0.34604412,0.0
0.8314876,1.0
0.56698257,1.0
0.2562102,0.0
0.029709715,0.0
0.12943256,0.0
0.052665133,0.0
0.2048922,0.0
0.084313385,0.0
0.04796729,0.0
0.6139103,0.0
0.32582822,0.0
0.85628116,0.0
0.13514462,0.0
0.050694726,0.0
0.1761804,0.0
0.09217213,0.0
0.5971321,1.0
0.44866198,0.0
0.8785398,1.0
0.79788214,1.0
0.54263014,1.0
0.37254402,0.0
0.06635321,0.0
0.15394367,0.0
0.83943766,1.0
0.7588581,1.0
0.57561886,0.0
0.06618211,0.0
0.068256885,0.0
0.19790943,0.0
0.8440267,0.0
0.21143985,0.0
0.7321227,1.0
0.1900291,0.0
0.85231924,1.0
0.285624,0.0
0.05578278,0.0
0.5905156,1.0
0.8041282,1.0
0.037700042,0.0
0.704599,0.0
0.25961012,1.0
0.8502178,1.0
0.118043005,0.0
0.66614646,0.0
0.052236404,0.0
0.19647065,0.0
0.86548233,1.0
0.38661098,0.0
0.040987838,0.0
0.86026233,0.0
0.037540436,0.0
0.73250663,1.0
0.80187076,1.0
0.48422235,0.0
0.73867786,0.0
0.8717549,1.0
0.16201384,0.0
0.84058785,1.0
0.85310364,1.0
0.14106107,0.0
0.57298344,0.0
0.16732554,0.0
0.27988687,1.0
0.07072998,0.0
0.11765165,0.0
0.83134824,1.0
0.31335235,0.0
0.2157859,0.0
0.15180022,0.0
0.13918293,0.0
0.10634189,0.0
0.50237274,0.0
0.5174494,0.0
0.8412363,1.0
0.83131325,1.0
0.7825161,0.0
0.6579423,0.0
0.823099,1.0
0.3949072,0.0
0.35935938,1.0
0.34001777,0.0
0.7254128,1.0
0.12751031,0.0
0.6628217,1.0
0.7459014,0.0
0.029936207,0.0
0.67653006,0.0
0.043948703,0.0
0.831193,1.0
0.05612824,0.0
0.10507059,1.0
0.7025612,0.0
0.20795237,0.0
0.7721616,1.0
0.103365496,0.0
0.16692944,0.0
0.8511587,0.0
0.057859913,0.0
0.74455565,1.0
0.02566264,0.0
0.84452313,1.0
0.22836874,0.0
0.02992,0.0
0.65083134,1.0
0.7804624,1.0
0.8856996,0.0
0.71147466,1.0
0.5038753,1.0
0.56217116,0.0
0.869537,0.0
0.71928424,1.0
0.4480433,0.0
0.6278289,0.0
0.25684348,0.0
0.067737155,0.0
0.33386856,0.0
0.059159428,0.0
0.6194553,1.0
0.13194767,0.0
0.6124453,0.0
0.66396874,1.0
0.12077744,0.0
0.100208476,0.0
0.56380886,1.0
0.74597937,1.0
0.21055971,0.0
0.81820935,1.0
0.18159877,0.0
0.21998978,1.0
0.83608586,1.0
0.8430273,1.0
0.7546279,1.0
0.019491525,0.0
0.5739593,0.0
0.42758313,1.0
0.76565444,1.0
0.8216056,0.0
0.5993888,0.0
0.22602423,0.0
0.35326418,0.0
0.43787283,0.0
0.43124178,1.0
0.63935006,1.0
0.9040117,1.0
0.0932809,0.0
0.24021237,0.0
0.20131102,0.0
0.5311639,0.0
0.27884555,0.0
0.38093683,0.0
0.190132,0.0
0.6995865,0.0
0.5297935,1.0
0.14364816,0.0
0.8175472,1.0
0.8457745,0.0
0.20634288,0.0
0.7962816,1.0
0.40483782,0.0
0.75798494,0.0
0.04382769,0.0
0.5548348,0.0
0.7019077,1.0
0.78705937,0.0
0.69161,1.0
0.3694324,0.0
0.43808186,0.0
0.06042025,0.0
0.4064811,0.0
0.1754488,0.0
0.045158315,0.0
0.48718303,1.0
0.7720615,1.0
0.7601822,0.0
0.13878034,0.0
0.03110568,0.0
0.2968972,1.0
0.20845942,0.0
0.6539997,0.0
0.83778936,1.0
0.80457985,1.0
0.7705596,1.0
0.32100275,0.0
0.8662875,0.0
0.6886039,1.0
0.7155677,0.0
0.65058815,0.0
0.7059688,1.0
0.7858472,1.0
0.109206066,0.0
0.049632866,0.0
0.8171378,0.0
0.36570314,0.0
0.35302225,0.0
0.10684933,0.0
0.4479887,0.0
0.11288866,0.0
0.66397184,1.0
0.5729168,1.0
0.5596849,0.0
0.8724181,1.0
0.8128324,0.0
0.26414347,0.0
0.02733057,0.0
0.82306147,0.0
0.74297905,1.0
0.69248724,0.0
0.29635486,0.0
0.6685021,1.0
0.51566976,1.0
0.053153887,0.0
0.025435492,0.0
0.30651572,0.0
0.8437634,1.0
0.81692487,0.0
0.17022778,0.0
0.1847389,0.0
0.28618687,0.0
0.04635605,0.0
0.79508865,1.0
0.75048274,1.0
0.31534132,0.0
0.12887774,0.0
0.337254,0.0
0.8530886,1.0
0.58500475,1.0
0.53336954,1.0
0.037879575,0.0
0.7716617,1.0
0.16587968,0.0
0.25953412,0.0
0.86909884,1.0
0.82300085,1.0
0.4025356,0.0
0.44695854,0.0
0.39293268,0.0
0.24548146,0.0
0.7945195,1.0
0.8627168,1.0
0.7853392,0.0
0.33045408,1.0
0.6467146,0.0
0.85665864,1.0
0.60762775,0.0
0.7091741,1.0
0.79075414,0.0
0.20121996,0.0
0.032492094,0.0
0.52057827,0.0
0.13766535,0.0
0.52393514,1.0
0.3665727,1.0
0.442564,0.0
0.041055843,0.0
0.38591924,1.0
0.08648867,0.0
0.7997889,1.0
0.31950366,0.0
0.7639511,1.0
0.80565345,0.0
0.31341216,0.0
0.5775631,0.0
0.076881595,0.0
0.0353356,0.0
0.84864724,1.0
0.88312143,1.0
0.09417394,0.0
0.3455515,0.0
0.13388127,0.0
0.79500574,0.0
0.025191918,0.0
0.13811024,0.0
0.68030375,0.0
0.37434155,0.0
0.28982127,0.0
0.34396768,0.0
0.77707046,0.0
0.680456,0.0
0.73313034,0.0
0.41381857,0.0
0.21116468,0.0
0.09563392,0.0
0.4548966,0.0
0.3596444,0.0
0.07302545,0.0
0.0607326,0.0
0.77311075,1.0
0.82202005,0.0
0.569205,1.0
0.7063301,1.0
0.728228,1.0
0.45797765,1.0
0.042095803,0.0
0.81627154,1.0
0.15363224,0.0
0.8424763,1.0
0.048430093,0.0
0.054621976,0.0
0.07452035,0.0
0.20407493,0.0
0.08359478,0.0
0.16104674,0.0
0.058913007,0.0
0.024784304,0.0
0.23742536,0.0
0.22569281,0.0
0.062384166,0.0
0.5415285,1.0
0.2113174,0.0
0.39484558,0.0
0.79158264,1.0
0.41744968,1.0
0.7562692,1.0
0.033903155,0.0
0.04324009,0.0
0.89385915,0.0
0.5806634,1.0
0.28671128,0.0
0.6980713,0.0
0.81815284,1.0
0.23324153,0.0
0.12772946,0.0
0.76387745,1.0
0.7136791,1.0
0.7455406,0.0
0.40518326,0.0
0.6945689,1.0
0.039050512,0.0
0.33728036,1.0
0.5723556,0.0
0.14904982,0.0
0.0994365,0.0
0.38321617,0.0
0.07088707,0.0
0.8316223,1.0
0.20794018,0.0
0.7112561,0.0
0.039956763,0.0
0.24337843,0.0
0.08429568,0.0
0.7953775,1.0
0.06935872,0.0
0.11318635,0.0
0.8422891,1.0
0.09550227,0.0
0.13156438,0.0
0.19574605,1.0
0.448854,0.0
0.40328282,0.0
0.6099601,1.0
0.22845547,0.0
0.7542802,1.0
0.47035837,0.0
0.03037708,0.0
0.06221218,0.0
0.35977978,0.0
0.113441736,0.0
0.52163255,0.0
0.03711944,0.0
0.1346423,0.0
0.19543561,0.0
0.32800117,0.0
0.03273529,0.0
0.35197285,0.0
0.47062212,0.0
0.5043019,0.0
0.086092405,1.0
0.86472934,1.0
0.41051897,0.0
0.25753638,0.0
0.49658835,0.0
0.5901772,1.0
0.3112606,0.0
0.098649815,0.0
0.05853516,0.0
0.19039822,0.0
0.023007223,0.0
0.64640206,1.0
0.15016389,0.0
0.042699162,0.0
0.8790901,0.0
0.8475586,1.0
0.7170932,0.0
0.27511108,0.0
0.050606392,0.0
0.7070941,1.0
0.15739194,0.0
0.7402704,0.0
0.8214527,1.0
0.06919818,0.0
0.48775843,0.0
0.1989446,0.0
0.39986402,1.0
0.6431639,1.0
0.7516187,1.0
0.77155596,1.0
0.21659254,1.0
0.7917688,0.0
0.27307373,0.0
0.73504037,0.0
0.72678095,0.0
0.16667832,1.0
0.83154666,0.0
0.19788612,0.0
0.15440412,0.0
0.70892733,0.0
0.067590944,0.0
0.697114,1.0
0.055264592,0.0
0.7744288,1.0
0.10679892,0.0
0.049922325,0.0
0.3631919,0.0
0.056868926,0.0
0.6488627,0.0
0.2549522,0.0
0.121762924,0.0
0.062821105,0.0
0.028217716,0.0
0.26338956,0.0
0.1404278,0.0
0.717625,1.0
0.7586167,1.0
0.094049014,0.0
0.2083022,0.0
0.05438178,0.0
0.07174219,0.0
0.8219083,1.0
0.89562964,1.0
0.5907084,1.0
0.18898809,1.0
0.750642,1.0
0.090553075,0.0
0.39643118,1.0
0.3222718,1.0
0.2095283,0.0
0.27343565,0.0
0.70041496,1.0
0.8332181,0.0
0.4258961,1.0
0.6059846,0.0
0.13879491,0.0
0.10769491,0.0
0.062320303,0.0
0.8673081,1.0
0.18723789,0.0
0.055909447,0.0
0.14729543,0.0
0.17754011,0.0
0.48708427,0.0
0.07323473,0.0
0.53330904,0.0
0.14089291,0.0
0.789507,1.0
0.1889751,0.0
0.28031597,1.0
0.22638912,0.0
0.5382896,1.0
0.7714127,0.0
0.21634248,0.0
0.13198951,0.0
0.35018823,0.0
0.638445,1.0
0.44164523,0.0
0.528536,1.0
0.76751703,0.0
0.84654987,1.0
0.025085874,0.0
0.5239519,1.0
0.072907925,0.0
0.78382146,1.0
0.25451055,0.0
0.5162091,0.0
0.50046283,1.0
0.33112916,1.0
0.7121867,1.0
0.29394418,0.0
0.81252694,0.0
0.8599098,1.0
0.28140604,0.0
0.10516637,0.0
0.24413237,0.0
0.5155957,0.0
0.036029994,0.0
0.41115323,0.0
0.81211114,1.0
0.7915573,1.0
0.035972226,1.0
0.87146074,1.0
0.14999296,0.0
0.092591286,0.0
0.8295973,1.0
0.07164515,0.0
0.052423302,0.0
0.82412416,1.0
0.5298379,1.0
0.033767503,0.0
0.8849268,1.0
0.8763535,0.0
0.06898923,0.0
0.3540076,0.0
0.44679242,1.0
0.849345,0.0
0.8976295,1.0
0.04719845,0.0
0.34986475,1.0
0.18863216,0.0
0.8525068,1.0
0.7534032,0.0
0.42708087,0.0
0.8567947,0.0
0.8506316,1.0
0.5115528,1.0
0.055030107,0.0
0.6771165,1.0
0.06088748,0.0
0.7601497,0.0
0.69611245,1.0
0.8608159,1.0
0.045123737,0.0
0.7936506,1.0
0.8516598,1.0
0.7872622,1.0
0.25892892,0.0
0.6538126,1.0
0.39792374,0.0
0.7899856,0.0
0.74212587,0.0
0.09558252,0.0
0.6302006,1.0
0.25337392,0.0
0.09245384,0.0
0.77836883,1.0
0.4428817,0.0
0.7645281,0.0
0.64342123,1.0
0.8220874,1.0
0.29401863,0.0
0.03663131,0.0
0.7182013,1.0
0.60734123,0.0
0.6023621,0.0
0.18558998,0.0
0.74750984,1.0
0.6160082,0.0
0.30463612,1.0
0.18133102,0.0
0.264332,0.0
0.15349714,0.0
0.46933308,0.0
0.49105966,1.0
0.5183362,0.0
0.11537885,1.0
0.3979094,0.0
0.4820464,0.0
0.20417346,1.0
0.06543461,0.0
0.6763175,0.0
0.15564278,1.0
0.7046426,1.0
0.03534615,0.0
0.15789229,0.0
0.1637834,0.0
0.37085152,0.0
0.048150733,1.0
0.80483735,1.0
0.45647597,0.0
0.040788084,0.0
0.730381,0.0
0.10170912,1.0
0.42674294,0.0
0.15600029,0.0
0.055976197,0.0
0.31668535,0.0
0.8663987,1.0
0.87446535,1.0
0.3710328,0.0
0.13437499,0.0
0.031980097,0.0
0.5835861,0.0
0.33650964,0.0
0.8237698,0.0
0.21006759,1.0
0.12513143,0.0
0.32493505,0.0
0.12277128,0.0
0.509631,1.0
0.3069497,0.0
0.80457306,1.0
0.13286433,0.0
0.7641118,1.0
0.31718943,0.0
0.7884224,1.0
0.44179043,0.0
0.34872454,1.0
0.52841395,1.0
0.07803714,0.0
0.5906485,0.0
0.56552845,0.0
0.07869298,0.0
0.23802267,0.0
0.07606574,0.0
0.5477142,0.0
0.5908598,0.0
0.36411408,0.0
0.13483053,1.0
0.8356385,1.0
0.7891709,1.0
0.7831845,1.0
0.7143337,0.0
0.33128062,0.0
0.033325855,0.0
0.32334152,0.0
0.7819134,1.0
0.55295837,1.0
0.09360868,0.0
0.03540103,0.0
0.5854538,1.0
0.2822537,1.0
0.73343986,1.0
0.6266627,0.0
0.87230605,1.0
0.8886902,0.0
0.7379192,1.0
0.057989832,0.0
0.13591304,0.0
0.14791897,0.0
0.11769734,0.0
0.52018034,0.0
0.8743331,1.0
0.8705865,1.0
0.19161402,0.0
0.023733322,0.0
0.6051821,0.0
0.10446773,0.0
0.6164726,0.0
0.053619187,0.0
0.026085459,0.0
0.12019479,0.0
0.45823714,0.0
0.8521382,0.0
0.20232327,0.0
0.0616989,0.0
0.8640625,1.0
0.7992655,1.0
0.1280847,0.0
0.8468999,1.0
0.096294865,0.0
0.05645628,0.0
0.42948332,1.0
0.03877643,0.0
0.85404617,0.0
0.7996237,1.0
0.6747884,0.0
0.056817017,0.0
0.6724015,1.0
0.54412645,1.0
0.86820877,1.0
0.042836513,0.0
0.5636886,0.0
0.8229407,1.0
0.8119759,1.0
0.2983012,0.0
0.4894769,0.0
0.3244939,0.0
0.58356017,1.0
0.28910297,1.0
0.19444342,0.0
0.5181228,1.0
0.2318127,0.0
0.094459854,0.0
0.04448875,0.0
0.23802207,0.0
0.5867261,0.0
0.21761334,0.0
0.8112243,1.0
0.04478794,0.0
0.050304715,0.0
0.27191934,0.0
0.15471072,1.0
0.31656492,1.0
0.84498143,1.0
0.69539165,0.0
0.7574717,0.0
0.02601998,0.0
0.8009143,0.0
0.51460356,0.0
0.036019705,0.0
0.5110744,1.0
0.30872867,1.0
0.73125964,1.0
0.20017467,0.0
0.63329375,1.0
0.2452853,0.0
0.8141336,0.0
0.11218359,0.0
0.32618436,1.0
0.033637017,0.0
